{
    "camera_angle_x": 0.6911111611634243,
    "camera_lens": 50,
    "sensor_width": 36,
    "env_texture": "null",
    "bbox_size": [
        0.4687269926071167,
        0.7175127267837524,
        1.0
    ],
    "scaling_factor": 0.5263029508473189,
    "mesh_offset": [
        6.658583879470825e-05,
        -0.0002686828374862671,
        -4.217028617858887e-06
    ],
    "transforms": [
        [
            [
                -4.371138828673793e-08,
                -0.42261824011802673,
                0.9063078165054321,
                1.6578073501586914
            ],
            [
                1.0,
                -2.7304908556402552e-08,
                3.549769544974879e-08,
                0.0
            ],
            [
                9.744677953449354e-09,
                0.9063078165054321,
                0.42261824011802673,
                0.7730482816696167
            ],
            [
                0.0,
                0.0,
                0.0,
                1.0
            ]
        ],
        [
            [
                -0.7071069478988647,
                -0.4545194208621979,
                0.5416750311851501,
                0.9908258318901062
            ],
            [
                0.7071065902709961,
                -0.4545195400714874,
                0.5416753888130188,
                0.9908258318901062
            ],
            [
                -1.0541629080762505e-07,
                0.7660444378852844,
                0.6427876353263855,
                1.1757793426513672
            ],
            [
                0.0,
                0.0,
                0.0,
                1.0
            ]
        ],
        [
            [
                -1.0,
                1.356221019932491e-07,
                -1.0336380995568106e-07,
                1.0151142610149524e-16
            ],
            [
                -1.5099580252808664e-07,
                -0.42261824011802673,
                0.9063078165054321,
                1.6578073501586914
            ],
            [
                7.923193123815508e-08,
                0.9063078165054321,
                0.42261824011802673,
                0.7730482816696167
            ],
            [
                0.0,
                0.0,
                0.0,
                1.0
            ]
        ],
        [
            [
                -0.7071069478988647,
                0.4545194208621979,
                -0.5416750311851501,
                -0.9908258318901062
            ],
            [
                -0.7071065902709961,
                -0.4545195400714874,
                0.5416753888130188,
                0.9908258318901062
            ],
            [
                1.0541629080762505e-07,
                0.7660444378852844,
                0.6427876353263855,
                1.1757793426513672
            ],
            [
                0.0,
                0.0,
                0.0,
                1.0
            ]
        ],
        [
            [
                -4.371138828673793e-08,
                0.42261824011802673,
                -0.9063078165054321,
                -1.6578073501586914
            ],
            [
                -1.0,
                4.595852587385707e-08,
                6.966099164174011e-08,
                2.030228522029905e-16
            ],
            [
                7.109257893489485e-08,
                0.9063078165054321,
                0.42261824011802673,
                0.7730482816696167
            ],
            [
                0.0,
                0.0,
                0.0,
                1.0
            ]
        ],
        [
            [
                0.7071065902709961,
                0.45451951026916504,
                -0.5416754484176636,
                -0.9908258318901062
            ],
            [
                -0.7071069478988647,
                0.45451924204826355,
                -0.5416751503944397,
                -0.9908258318901062
            ],
            [
                -1.555367568073507e-08,
                0.766044557094574,
                0.6427874565124512,
                1.1757793426513672
            ],
            [
                0.0,
                0.0,
                0.0,
                1.0
            ]
        ],
        [
            [
                1.0,
                7.763371290218433e-17,
                -1.6648603308361704e-16,
                -3.0453425845215103e-16
            ],
            [
                -1.8369701465288538e-16,
                0.42261824011802673,
                -0.9063078165054321,
                -1.6578073501586914
            ],
            [
                -1.1617964758860556e-24,
                0.9063078165054321,
                0.42261824011802673,
                0.7730482816696167
            ],
            [
                0.0,
                0.0,
                0.0,
                1.0
            ]
        ],
        [
            [
                0.7071065902709961,
                -0.45451951026916504,
                0.5416754484176636,
                0.9908258318901062
            ],
            [
                0.7071069478988647,
                0.45451924204826355,
                -0.5416751503944397,
                -0.9908258318901062
            ],
            [
                1.555367568073507e-08,
                0.766044557094574,
                0.6427874565124512,
                1.1757793426513672
            ],
            [
                0.0,
                0.0,
                0.0,
                1.0
            ]
        ],
        [
            [
                -4.371138828673793e-08,
                0.4226183295249939,
                0.9063077569007874,
                1.6578073501586914
            ],
            [
                1.0,
                -4.595852232114339e-08,
                6.966099874716747e-08,
                0.0
            ],
            [
                7.109257893489485e-08,
                0.9063077569007874,
                -0.4226183295249939,
                -0.7730482816696167
            ],
            [
                0.0,
                0.0,
                0.0,
                1.0
            ]
        ],
        [
            [
                -0.7071069478988647,
                0.4545193910598755,
                0.5416750907897949,
                0.9908258318901062
            ],
            [
                0.7071065902709961,
                0.4545195996761322,
                0.541675329208374,
                0.9908258318901062
            ],
            [
                1.799830684490189e-08,
                0.7660444378852844,
                -0.6427876353263855,
                -1.1757793426513672
            ],
            [
                0.0,
                0.0,
                0.0,
                1.0
            ]
        ],
        [
            [
                -1.0,
                1.524629311688841e-07,
                -3.0328692446346395e-08,
                1.0151142610149524e-16
            ],
            [
                3.694646721896788e-08,
                0.42261815071105957,
                0.9063078165054321,
                1.6578073501586914
            ],
            [
                1.5099580252808664e-07,
                0.9063078165054321,
                -0.42261815071105957,
                -0.7730482816696167
            ],
            [
                0.0,
                0.0,
                0.0,
                1.0
            ]
        ],
        [
            [
                -0.7071069478988647,
                -0.4545193910598755,
                -0.5416750907897949,
                -0.9908258318901062
            ],
            [
                -0.7071065902709961,
                0.4545195996761322,
                0.541675329208374,
                0.9908258318901062
            ],
            [
                -1.799830684490189e-08,
