{"iou": 0.8754299525890118, "depth_error": 7.731013402965206, "depth_error_rel": 0.008459388281616135}