{"iou": 0.8276851955411401, "depth_error": 13.485960586839976, "depth_error_rel": 0.014217386759482824}