{
    "camera_angle_x": 0.6911111611634243,
    "camera_lens": 50,
    "sensor_width": 36,
    "env_texture": "null",
    "bbox_size": [
        0.4363780617713928,
        1.0,
        0.7134137153625488
    ],
    "scaling_factor": 0.5268103349581336,
    "mesh_offset": [
        -9.484589099884033e-06,
        -0.0005394518375396729,
        0.00031000375747680664
    ],
    "transforms": [
        [
            [
                -4.371138828673793e-08,
                -0.42261824011802673,
                0.9063078165054321,
                1.6409263610839844
            ],
            [
                1.0,
                -2.7304908556402552e-08,
                3.549769544974879e-08,
                0.0
            ],
            [
                9.744677953449354e-09,
                0.9063078165054321,
                0.42261824011802673,
                0.76517653465271
            ],
            [
                0.0,
                0.0,
                0.0,
                1.0
            ]
        ],
        [
            [
                -0.7071067690849304,
                -0.45451948046684265,
                0.5416752099990845,
                0.9807365536689758
            ],
            [
                0.7071067690849304,
                -0.4545194208621979,
                0.5416752696037292,
                0.9807365536689758
            ],
            [
                -7.310626415346633e-08,
                0.7660444974899292,
                0.6427875757217407,
                1.1638067960739136
            ],
            [
                0.0,
                0.0,
                0.0,
                1.0
            ]
        ],
        [
            [
                -1.0,
                1.356221019932491e-07,
                -1.0336380995568106e-07,
                1.0047776135571428e-16
            ],
            [
                -1.5099580252808664e-07,
                -0.42261824011802673,
                0.9063078165054321,
                1.6409263610839844
            ],
            [
                7.923193123815508e-08,
                0.9063078165054321,
                0.42261824011802673,
                0.76517653465271
            ],
            [
                0.0,
                0.0,
                0.0,
                1.0
            ]
        ],
        [
            [
                -0.7071067690849304,
                0.45451948046684265,
                -0.5416752099990845,
                -0.9807365536689758
            ],
            [
                -0.7071067690849304,
                -0.4545194208621979,
                0.5416752696037292,
                0.9807365536689758
            ],
            [
                7.310626415346633e-08,
                0.7660444974899292,
                0.6427875757217407,
                1.1638067960739136
            ],
            [
                0.0,
                0.0,
                0.0,
                1.0
            ]
        ],
        [
            [
                -4.371138828673793e-08,
                0.42261824011802673,
                -0.9063078165054321,
                -1.6409263610839844
            ],
            [
                -1.0,
                4.595852587385707e-08,
                6.966099164174011e-08,
                2.0095552271142856e-16
            ],
            [
                7.109257893489485e-08,
                0.9063078165054321,
                0.42261824011802673,
                0.76517653465271
            ],
            [
                0.0,
                0.0,
                0.0,
                1.0
            ]
        ],
        [
            [
                0.7071066498756409,
                0.45451948046684265,
                -0.5416753888130188,
                -0.9807365536689758
            ],
            [
                -0.7071069478988647,
                0.45451921224594116,
                -0.5416752696037292,
                -0.9807365536689758
            ],
            [
                -6.286186504667057e-08,
                0.7660446166992188,
                0.6427873969078064,
                1.1638067960739136
            ],
            [
                0.0,
                0.0,
                0.0,
                1.0
            ]
        ],
        [
            [
                1.0,
                7.763371951962923e-17,
                -1.6648607278828644e-16,
                -3.0143329730203264e-16
            ],
            [
                -1.8369705435755478e-16,
                0.42261824011802673,
                -0.9063078165054321,
                -1.6409263610839844
            ],
            [
                6.940385622359978e-24,
                0.9063078165054321,
                0.42261824011802673,
                0.76517653465271
            ],
            [
                0.0,
                0.0,
                0.0,
                1.0
            ]
        ],
        [
            [
                0.7071066498756409,
                -0.45451948046684265,
                0.5416753888130188,
                0.9807365536689758
            ],
            [
                0.7071069478988647,
                0.45451921224594116,
                -0.5416752696037292,
                -0.9807365536689758
            ],
            [
                6.286186504667057e-08,
                0.7660446166992188,
                0.6427873969078064,
                1.1638067960739136
            ],
            [
                0.0,
                0.0,
                0.0,
                1.0
            ]
        ],
        [
            [
                -4.371138828673793e-08,
                0.4226183295249939,
                0.9063077569007874,
                1.6409263610839844
            ],
            [
                1.0,
                -4.595852232114339e-08,
                6.966099874716747e-08,
                0.0
            ],
            [
                7.109257893489485e-08,
                0.9063077569007874,
                -0.4226183295249939,
                -0.76517653465271
            ],
            [
                0.0,
                0.0,
                0.0,
                1.0
            ]
        ],
        [
            [
                -0.7071069478988647,
                0.4545193910598755,
                0.5416750907897949,
                0.9807365536689758
            ],
            [
                0.7071065902709961,
                0.4545195996761322,
                0.541675329208374,
                0.9807365536689758
            ],
            [
                1.96798257690034e-08,
                0.7660444378852844,
                -0.6427876353263855,
                -1.1638067960739136
            ],
            [
                0.0,
                0.0,
                0.0,
                1.0
            ]
        ],
        [
            [
                -1.0,
                1.524629311688841e-07,
                -3.0328692446346395e-08,
                1.0047776135571428e-16
            ],
            [
                3.694646721896788e-08,
                0.42261815071105957,
                0.9063078165054321,
                1.6409263610839844
            ],
            [
                1.5099580252808664e-07,
                0.9063078165054321,
                -0.42261815071105957,
                -0.76517653465271
            ],
            [
                0.0,
                0.0,
                0.0,
                1.0
            ]
        ],
        [
            [
                -0.7071069478988647,
                -0.4545193910598755,
                -0.5416750907897949,
                -0.9807365536689758
            ],
            [
                -0.7071065902709961,
                0.4545195996761322,
                0.541675329208374,
                0.9807365536689758
            ],
            [
                -1.96798257690034e-08,
