{
    "camera_angle_x": 0.6911111611634243,
    "camera_lens": 50,
    "sensor_width": 36,
    "env_texture": "null",
    "bbox_size": [
        0.551211953163147,
        1.0,
        0.8898933529853821
    ],
    "scaling_factor": 0.5263428094315954,
    "mesh_offset": [
        1.1846423149108887e-05,
        -5.7384371757507324e-05,
        0.00014790892601013184
    ],
    "transforms": [
        [
            [
                7.549790126404332e-08,
                -0.42261824011802673,
                0.9063078165054321,
                1.8222687244415283
            ],
            [
                1.0,
                1.6960198934157233e-07,
                -4.216011539881492e-09,
                0.0
            ],
            [
                -1.5192983937595272e-07,
                0.9063078165054321,
                0.42261824011802673,
                0.849737823009491
            ],
            [
                0.0,
                0.0,
                0.0,
                1.0
            ]
        ],
        [
            [
                -0.7071067690849304,
                -0.4545195996761322,
                0.5416750907897949,
                1.089119791984558
            ],
            [
                0.7071067690849304,
                -0.4545193910598755,
                0.5416752696037292,
                1.089119791984558
            ],
            [
                -1.9711339405148465e-07,
                0.7660443782806396,
                0.6427876353263855,
                1.292421579360962
            ],
            [
                0.0,
                0.0,
                0.0,
                1.0
            ]
        ],
        [
            [
                -1.0,
                1.356221019932491e-07,
                -1.0336380995568106e-07,
                1.1158178095906692e-16
            ],
            [
                -1.5099580252808664e-07,
                -0.42261824011802673,
                0.9063078165054321,
                1.8222687244415283
            ],
            [
                7.923193123815508e-08,
                0.9063078165054321,
                0.42261824011802673,
                0.849737823009491
            ],
            [
                0.0,
                0.0,
                0.0,
                1.0
            ]
        ],
        [
            [
                -0.7071067690849304,
                0.4545195996761322,
                -0.5416750907897949,
                -1.089119791984558
            ],
            [
                -0.7071067690849304,
                -0.4545193910598755,
                0.5416752696037292,
                1.089119791984558
            ],
            [
                1.9711339405148465e-07,
                0.7660443782806396,
                0.6427876353263855,
                1.292421579360962
            ],
            [
                0.0,
                0.0,
                0.0,
                1.0
            ]
        ],
        [
            [
                -4.371138828673793e-08,
                0.42261815071105957,
                -0.9063078165054321,
                -1.8222687244415283
            ],
            [
                -1.0,
                1.9248541605065839e-07,
                1.3798756981486804e-07,
                2.2316356191813384e-16
            ],
            [
                2.3276709271158325e-07,
                0.9063078165054321,
                0.42261815071105957,
                0.849737823009491
            ],
            [
                0.0,
                0.0,
                0.0,
                1.0
            ]
        ],
        [
            [
                0.7071065902709961,
                0.45451945066452026,
                -0.5416754484176636,
                -1.089119791984558
            ],
            [
                -0.7071069478988647,
                0.45451924204826355,
                -0.5416752099990845,
                -1.089119791984558
            ],
            [
                1.2000299420833471e-08,
                0.7660446166992188,
                0.6427873969078064,
                1.292421579360962
            ],
            [
                0.0,
                0.0,
                0.0,
                1.0
            ]
        ],
        [
            [
                1.0,
                7.763368643240473e-17,
                -1.6648603308361704e-16,
                -3.3474532964231096e-16
            ],
            [
                -1.8369700141799558e-16,
                0.42261824011802673,
                -0.9063078165054321,
                -1.8222687244415283
            ],
            [
                2.4222598872648103e-23,
                0.9063078165054321,
                0.42261824011802673,
                0.849737823009491
            ],
            [
                0.0,
                0.0,
                0.0,
                1.0
            ]
        ],
        [
            [
                0.7071065902709961,
                -0.45451945066452026,
                0.5416754484176636,
                1.089119791984558
            ],
            [
                0.7071069478988647,
                0.45451924204826355,
                -0.5416752099990845,
                -1.089119791984558
            ],
            [
                -1.2000299420833471e-08,
                0.7660446166992188,
                0.6427873969078064,
                1.292421579360962
            ],
            [
                0.0,
                0.0,
                0.0,
                1.0
            ]
        ],
        [
            [
                -2.821299744937278e-07,
                0.4226183295249939,
                0.9063077569007874,
                1.8222687244415283
            ],
            [
                1.0,
                1.3689665934180084e-07,
                2.4746000804043433e-07,
                0.0
            ],
            [
                -1.9489368341396585e-08,
                0.9063077569007874,
                -0.4226183295249939,
                -0.849737823009491
            ],
            [
                0.0,
                0.0,
                0.0,
                1.0
            ]
        ],
        [
            [
                -0.7071067690849304,
                0.45451951026916504,
                0.5416752099990845,
                1.089119791984558
            ],
            [
                0.7071067690849304,
                0.45451948046684265,
                0.5416752099990845,
                1.089119791984558
            ],
            [
                2.2568258373212302e-08,
                0.7660444378852844,
                -0.6427876353263855,
                -1.292421579360962
            ],
            [
                0.0,
                0.0,
                0.0,
                1.0
            ]
        ],
        [
            [
                -1.0,
                1.524629311688841e-07,
                -3.0328692446346395e-08,
                1.1158178095906692e-16
            ],
            [
                3.694646721896788e-08,
                0.42261815071105957,
                0.9063078165054321,
                1.8222687244415283
            ],
            [
                1.5099580252808664e-07,
                0.9063078165054321,
                -0.42261815071105957,
                -0.849737823009491
            ],
            [
                0.0,
                0.0,
                0.0,
                1.0
            ]
        ],
        [
            [
                -0.7071067690849304,
                -0.45451951026916504,
                -0.5416752099990845,
                -1.089119791984558
            ],
            [
                -0.7071067690849304,
                0.45451948046684265,
                0.5416752099990845,
                1.089119791984558
            ],
            [
                -2.2568258373212302e-08,
