{"iou": 0.9411245889501078, "depth_error": 7.810800701076013, "depth_error_rel": 0.007396955721485422}