{"iou": 0.8586295521256126, "depth_error": 19.384217635993487, "depth_error_rel": 0.019232685683819244}