{
    "camera_angle_x": 0.6911111611634243,
    "camera_lens": 50,
    "sensor_width": 36,
    "env_texture": "null",
    "bbox_size": [
        1.0,
        0.6902293562889099,
        0.7032048106193542
    ],
    "scaling_factor": 0.52634601291048,
    "mesh_offset": [
        -9.208917617797852e-06,
        0.0010069012641906738,
        0.001351684331893921
    ],
    "transforms": [
        [
            [
                -1.6292068494294654e-07,
                -0.42261815071105957,
                0.9063078165054321,
                1.7671645879745483
            ],
            [
                1.0,
                2.7794404999781364e-08,
                1.927238031385059e-07,
                0.0
            ],
            [
                -1.0663886484962859e-07,
                0.9063078165054321,
                0.42261815071105957,
                0.8240423798561096
            ],
            [
                0.0,
                0.0,
                0.0,
                1.0
            ]
        ],
        [
            [
                -0.7071067690849304,
                -0.45451951026916504,
                0.5416752099990845,
                1.0561856031417847
            ],
            [
                0.7071067690849304,
                -0.45451951026916504,
                0.5416752099990845,
                1.0561856031417847
            ],
            [
                -2.6086576454531496e-08,
                0.7660443782806396,
                0.6427876353263855,
                1.2533396482467651
            ],
            [
                0.0,
                0.0,
                0.0,
                1.0
            ]
        ],
        [
            [
                -1.0,
                1.356221019932491e-07,
                -1.0336380995568106e-07,
                1.0820762521367941e-16
            ],
            [
                -1.5099580252808664e-07,
                -0.42261824011802673,
                0.9063078165054321,
                1.7671645879745483
            ],
            [
                7.923193123815508e-08,
                0.9063078165054321,
                0.42261824011802673,
                0.8240423798561096
            ],
            [
                0.0,
                0.0,
                0.0,
                1.0
            ]
        ],
        [
            [
                -0.7071067690849304,
                0.45451951026916504,
                -0.5416752099990845,
                -1.0561856031417847
            ],
            [
                -0.7071067690849304,
                -0.45451951026916504,
                0.5416752099990845,
                1.0561856031417847
            ],
            [
                2.6086576454531496e-08,
                0.7660443782806396,
                0.6427876353263855,
                1.2533396482467651
            ],
            [
                0.0,
                0.0,
                0.0,
                1.0
            ]
        ],
        [
            [
                -1.6292068494294654e-07,
                0.42261815071105957,
                -0.9063078165054321,
                -1.7671645879745483
            ],
            [
                -1.0,
                1.0105784298275466e-07,
                2.2688709577778354e-07,
                2.1641525042735883e-16
            ],
            [
                1.874761181852591e-07,
                0.9063078165054321,
                0.42261815071105957,
                0.8240423798561096
            ],
            [
                0.0,
                0.0,
                0.0,
                1.0
            ]
        ],
        [
            [
                0.7071066498756409,
                0.4545195400714874,
                -0.5416753888130188,
                -1.0561856031417847
            ],
            [
                -0.7071069478988647,
                0.4545193016529083,
                -0.5416752099990845,
                -1.0561856031417847
            ],
            [
                -5.214514686713301e-08,
                0.7660444974899292,
                0.642787516117096,
                1.2533396482467651
            ],
            [
                0.0,
                0.0,
                0.0,
                1.0
            ]
        ],
        [
            [
                1.0,
                7.763373275451903e-17,
                -1.6648605955339664e-16,
                -3.2462286240614844e-16
            ],
            [
                -1.8369704112266498e-16,
                0.42261824011802673,
                -0.9063078165054321,
                -1.7671645879745483
            ],
            [
                -9.802903101030118e-24,
                0.9063078165054321,
                0.42261824011802673,
                0.8240423798561096
            ],
            [
                0.0,
                0.0,
                0.0,
                1.0
            ]
        ],
        [
            [
                0.7071066498756409,
                -0.4545195400714874,
                0.5416753888130188,
                1.0561856031417847
            ],
            [
                0.7071069478988647,
                0.4545193016529083,
                -0.5416752099990845,
                -1.0561856031417847
            ],
            [
                5.214514686713301e-08,
                0.7660444974899292,
                0.642787516117096,
                1.2533396482467651
            ],
            [
                0.0,
                0.0,
                0.0,
                1.0
            ]
        ],
        [
            [
                -2.821299744937278e-07,
                0.4226183295249939,
                0.9063077569007874,
                1.7671645879745483
            ],
            [
                1.0,
                1.6028084814934118e-07,
                2.365557918437844e-07,
                0.0
            ],
            [
                -4.52909638681831e-08,
                0.9063077569007874,
                -0.4226183295249939,
                -0.8240423798561096
            ],
            [
                0.0,
                0.0,
                0.0,
                1.0
            ]
        ],
        [
            [
                -0.7071067690849304,
                0.45451951026916504,
                0.5416752099990845,
                1.0561856031417847
            ],
            [
                0.7071067690849304,
                0.45451948046684265,
                0.5416752099990845,
                1.0561856031417847
            ],
            [
                4.555228017011359e-08,
                0.7660444378852844,
                -0.6427876353263855,
                -1.2533396482467651
            ],
            [
                0.0,
                0.0,
                0.0,
                1.0
            ]
        ],
        [
            [
                -1.0,
                1.5246291695802938e-07,
                -3.032871020991479e-08,
                1.0820762521367941e-16
            ],
            [
                3.694646721896788e-08,
                0.42261824011802673,
                0.9063078165054321,
                1.7671645879745483
            ],
            [
                1.5099580252808664e-07,
                0.9063078165054321,
                -0.42261824011802673,
                -0.8240423798561096
            ],
            [
                0.0,
                0.0,
                0.0,
                1.0
            ]
        ],
        [
            [
                -0.7071067690849304,
                -0.45451951026916504,
                -0.5416752099990845,
                -1.0561856031417847
            ],
            [
                -0.7071067690849304,
                0.45451948046684265,
                0.5416752099990845,
                1.0561856031417847
            ],
            [
                -4.555228017011359e-08,
