{
    "camera_angle_x": 0.6911111611634243,
    "camera_lens": 50,
    "sensor_width": 36,
    "env_texture": "null",
    "bbox_size": [
        0.4131815731525421,
        1.0,
        0.8095450401306152
    ],
    "scaling_factor": 0.5270724247941077,
    "mesh_offset": [
        -0.0,
        -0.0003789663314819336,
        -0.00020737946033477783
    ],
    "transforms": [
        [
            [
                7.549790126404332e-08,
                -0.42261824011802673,
                0.9063078165054321,
                1.7009962797164917
            ],
            [
                1.0,
                -7.357252940209946e-08,
                -1.1761014917510693e-07,
                0.0
            ],
            [
                1.1638355346121898e-07,
                0.9063078165054321,
                0.42261824011802673,
                0.7931876182556152
            ],
            [
                0.0,
                0.0,
                0.0,
                1.0
            ]
        ],
        [
            [
                -0.7071067690849304,
                -0.45451951026916504,
                0.5416751503944397,
                1.0166386365890503
            ],
            [
                0.7071067690849304,
                -0.45451948046684265,
                0.5416752099990845,
                1.0166386365890503
            ],
            [
                -3.1761029362087356e-08,
                0.7660443782806396,
                0.6427876353263855,
                1.2064106464385986
            ],
            [
                0.0,
                0.0,
                0.0,
                1.0
            ]
        ],
        [
            [
                -1.0,
                1.3562208778239437e-07,
                -1.0336382416653578e-07,
                1.0415598207683138e-16
            ],
            [
                -1.5099580252808664e-07,
                -0.42261815071105957,
                0.9063078165054321,
                1.7009962797164917
            ],
            [
                7.923193123815508e-08,
                0.9063078165054321,
                0.42261815071105957,
                0.7931876182556152
            ],
            [
                0.0,
                0.0,
                0.0,
                1.0
            ]
        ],
        [
            [
                -0.7071067690849304,
                0.45451951026916504,
                -0.5416751503944397,
                -1.0166386365890503
            ],
            [
                -0.7071067690849304,
                -0.45451948046684265,
                0.5416752099990845,
                1.0166386365890503
            ],
            [
                3.1761029362087356e-08,
                0.7660443782806396,
                0.6427876353263855,
                1.2064106464385986
            ],
            [
                0.0,
                0.0,
                0.0,
                1.0
            ]
        ],
        [
            [
                -4.371138828673793e-08,
                0.42261815071105957,
                -0.9063078165054321,
                -1.7009962797164917
            ],
            [
                -1.0,
                -5.068910624572709e-08,
                2.4593468594957812e-08,
                2.0831196415366276e-16
            ],
            [
                -3.554628946744742e-08,
                0.9063078165054321,
                0.42261815071105957,
                0.7931876182556152
            ],
            [
                0.0,
                0.0,
                0.0,
                1.0
            ]
        ],
        [
            [
                0.7071066498756409,
                0.4545195400714874,
                -0.5416753888130188,
                -1.0166386365890503
            ],
            [
                -0.7071069478988647,
                0.4545193016529083,
                -0.5416752099990845,
                -1.0166386365890503
            ],
            [
                -5.214514686713301e-08,
                0.7660444974899292,
                0.642787516117096,
                1.2064106464385986
            ],
            [
                0.0,
                0.0,
                0.0,
                1.0
            ]
        ],
        [
            [
                1.0,
                7.763373275451903e-17,
                -1.6648609925806605e-16,
                -3.1246796608282884e-16
            ],
            [
                -1.8369708082733438e-16,
                0.42261815071105957,
                -0.9063078165054321,
                -1.7009962797164917
            ],
            [
                -1.7840204545265344e-23,
                0.9063078165054321,
                0.42261815071105957,
                0.7931876182556152
            ],
            [
                0.0,
                0.0,
                0.0,
                1.0
            ]
        ],
        [
            [
                0.7071066498756409,
                -0.4545195400714874,
                0.5416753888130188,
                1.0166386365890503
            ],
            [
                0.7071069478988647,
                0.4545193016529083,
                -0.5416752099990845,
                -1.0166386365890503
            ],
            [
                5.214514686713301e-08,
                0.7660444974899292,
                0.642787516117096,
                1.2064106464385986
            ],
            [
                0.0,
                0.0,
                0.0,
                1.0
            ]
        ],
        [
            [
                -4.371138828673793e-08,
                0.4226183295249939,
                0.9063077569007874,
                1.7009962797164917
            ],
            [
                1.0,
                -8.70060858915167e-08,
                8.880179791503906e-08,
                0.0
            ],
            [
                1.1638355346121898e-07,
                0.9063077569007874,
                -0.4226183295249939,
                -0.7931876182556152
            ],
            [
                0.0,
                0.0,
                0.0,
                1.0
            ]
        ],
        [
            [
                -0.7071069478988647,
                0.4545195400714874,
                0.5416749715805054,
                1.0166386365890503
            ],
            [
                0.7071065902709961,
                0.45451968908309937,
                0.5416752696037292,
                1.0166386365890503
            ],
            [
                5.214513620899197e-08,
                0.7660442590713501,
                -0.6427878141403198,
                -1.2064106464385986
            ],
            [
                0.0,
                0.0,
                0.0,
                1.0
            ]
        ],
        [
            [
                -1.0,
                1.5246290274717467e-07,
                -3.032875639519261e-08,
                1.0415598207683138e-16
            ],
            [
                3.6946456560826846e-08,
                0.42261847853660583,
                0.9063076972961426,
                1.7009962797164917
            ],
            [
                1.5099580252808664e-07,
                0.9063076972961426,
                -0.42261847853660583,
                -0.7931876182556152
            ],
            [
                0.0,
                0.0,
                0.0,
                1.0
            ]
        ],
        [
            [
                -0.7071069478988647,
                -0.4545195400714874,
                -0.5416749715805054,
                -1.0166386365890503
            ],
            [
                -0.7071065902709961,
                0.45451968908309937,
                0.5416752696037292,
                1.0166386365890503
            ],
            [
                -5.214513620899197e-08,
