{"iou": 0.972682119205298, "depth_error": 280.0171555211832, "depth_error_rel": 0.28719708812123534}