{"iou": 0.9139953661612459, "depth_error": 39.36633122111718, "depth_error_rel": 0.0409755411671643}