{"iou": 0.938133448998771, "depth_error": 28.98932731506626, "depth_error_rel": 0.030577002354013467}