{
	"class_name" : "PinholeCameraParameters",
	"extrinsic" : 
	[
		0.85105956898376212,
		-0.52457590218373484,
		-0.022753744511486134,
		0.0,
		-0.33449639796187119,
		-0.57506329851767612,
		0.74660187680483614,
		0.0,
		-0.40473419646937026,
		-0.62779162589675486,
		-0.66488187271289201,
		0.0,
		-0.07931543738426805,
		0.76589411655875006,
		1.5111484917742759,
		1.0
	],
	"intrinsic" : 
	{
		"height" : 1061,
		"intrinsic_matrix" : 
		[
			918.85295341528945,
			0.0,
			0.0,
			0.0,
			918.85295341528945,
			0.0,
			959.5,
			530.0,
			1.0
		],
		"width" : 1920
	},
	"version_major" : 1,
	"version_minor" : 0
}