{
    "camera_angle_x": 0.6911111611634243,
    "camera_lens": 50,
    "sensor_width": 36,
    "env_texture": "null",
    "bbox_size": [
        0.36568987369537354,
        0.758515477180481,
        1.0
    ],
    "scaling_factor": 0.5262580469989405,
    "mesh_offset": [
        -2.8677284717559814e-05,
        -0.00023233890533447266,
        5.155801773071289e-05
    ],
    "transforms": [
        [
            [
                -4.371138828673793e-08,
                -0.42261824011802673,
                0.9063078165054321,
                1.64559805393219
            ],
            [
                1.0,
                -2.7304908556402552e-08,
                3.549769544974879e-08,
                0.0
            ],
            [
                9.744677953449354e-09,
                0.9063078165054321,
                0.42261824011802673,
                0.7673549652099609
            ],
            [
                0.0,
                0.0,
                0.0,
                1.0
            ]
        ],
        [
            [
                -0.7071067690849304,
                -0.45451951026916504,
                0.5416752099990845,
                0.9835286140441895
            ],
            [
                0.7071067690849304,
                -0.45451951026916504,
                0.5416752099990845,
                0.9835286140441895
            ],
            [
                -2.6086576454531496e-08,
                0.7660443782806396,
                0.6427876353263855,
                1.167120099067688
            ],
            [
                0.0,
                0.0,
                0.0,
                1.0
            ]
        ],
        [
            [
                -1.0,
                1.356221162041038e-07,
                -1.0336378863939899e-07,
                1.0076381364642492e-16
            ],
            [
                -1.5099580252808664e-07,
                -0.4226183593273163,
                0.9063077569007874,
                1.64559805393219
            ],
            [
                7.92319454490098e-08,
                0.9063077569007874,
                0.4226183593273163,
                0.7673549652099609
            ],
            [
                0.0,
                0.0,
                0.0,
                1.0
            ]
        ],
        [
            [
                -0.7071067690849304,
                0.45451951026916504,
                -0.5416752099990845,
                -0.9835286140441895
            ],
            [
                -0.7071067690849304,
                -0.45451951026916504,
                0.5416752099990845,
                0.9835286140441895
            ],
            [
                2.6086576454531496e-08,
                0.7660443782806396,
                0.6427876353263855,
                1.167120099067688
            ],
            [
                0.0,
                0.0,
                0.0,
                1.0
            ]
        ],
        [
            [
                -4.371138828673793e-08,
                0.42261824011802673,
                -0.9063078165054321,
                -1.64559805393219
            ],
            [
                -1.0,
                4.595852587385707e-08,
                6.966099164174011e-08,
                2.0152762729284984e-16
            ],
            [
                7.109257893489485e-08,
                0.9063078165054321,
                0.42261824011802673,
                0.7673549652099609
            ],
            [
                0.0,
                0.0,
                0.0,
                1.0
            ]
        ],
        [
            [
                0.7071066498756409,
                0.4545195400714874,
                -0.5416753888130188,
                -0.9835286140441895
            ],
            [
                -0.7071069478988647,
                0.4545193016529083,
                -0.5416752099990845,
                -0.9835286140441895
            ],
            [
                -5.214514686713301e-08,
                0.7660444974899292,
                0.642787516117096,
                1.167120099067688
            ],
            [
                0.0,
                0.0,
                0.0,
                1.0
            ]
        ],
        [
            [
                1.0,
                7.763369304984963e-17,
                -1.6648604631850684e-16,
                -3.0229144755671965e-16
            ],
            [
                -1.8369701465288538e-16,
                0.42261824011802673,
                -0.9063078165054321,
                -1.64559805393219
            ],
            [
                1.7111497439511055e-23,
                0.9063078165054321,
                0.42261824011802673,
                0.7673549652099609
            ],
            [
                0.0,
                0.0,
                0.0,
                1.0
            ]
        ],
        [
            [
                0.7071066498756409,
                -0.4545195400714874,
                0.5416753888130188,
                0.9835286140441895
            ],
            [
                0.7071069478988647,
                0.4545193016529083,
                -0.5416752099990845,
                -0.9835286140441895
            ],
            [
                5.214514686713301e-08,
                0.7660444974899292,
                0.642787516117096,
                1.167120099067688
            ],
            [
                0.0,
                0.0,
                0.0,
                1.0
            ]
        ],
        [
            [
                -4.371138828673793e-08,
                0.4226183295249939,
                0.9063077569007874,
                1.64559805393219
            ],
            [
                1.0,
                -4.595852232114339e-08,
                6.966099874716747e-08,
                0.0
            ],
            [
                7.109257893489485e-08,
                0.9063077569007874,
                -0.4226183295249939,
                -0.7673549652099609
            ],
            [
                0.0,
                0.0,
                0.0,
                1.0
            ]
        ],
        [
            [
                -0.7071067690849304,
                0.45451951026916504,
                0.5416752099990845,
                0.9835286140441895
            ],
            [
                0.7071067690849304,
                0.45451948046684265,
                0.5416752099990845,
                0.9835286140441895
            ],
            [
                4.555228017011359e-08,
                0.7660444378852844,
                -0.6427876353263855,
                -1.167120099067688
            ],
            [
                0.0,
                0.0,
                0.0,
                1.0
            ]
        ],
        [
            [
                -1.0,
                1.5246291695802938e-07,
                -3.032869955177375e-08,
                1.0076381364642492e-16
            ],
            [
                3.6946456560826846e-08,
                0.42261815071105957,
                0.9063078165054321,
                1.64559805393219
            ],
            [
                1.5099580252808664e-07,
                0.9063078165054321,
                -0.42261815071105957,
                -0.7673549652099609
            ],
            [
                0.0,
                0.0,
                0.0,
                1.0
            ]
        ],
        [
            [
                -0.7071067690849304,
                -0.45451951026916504,
                -0.5416752099990845,
                -0.9835286140441895
            ],
            [
                -0.7071067690849304,
                0.45451948046684265,
                0.5416752099990845,
                0.9835286140441895
            ],
            [
                -4.555228017011359e-08,
