{
    "camera_angle_x": 0.6911111611634243,
    "camera_lens": 50,
    "sensor_width": 36,
    "env_texture": "null",
    "bbox_size": [
        0.7681885957717896,
        0.8636463284492493,
        1.0
    ],
    "scaling_factor": 0.5277216207252489,
    "mesh_offset": [
        -0.0002591162919998169,
        -0.0004385411739349365,
        -0.001432761549949646
    ],
    "transforms": [
        [
            [
                -4.371138828673793e-08,
                -0.42261824011802673,
                0.9063078165054321,
                1.923886775970459
            ],
            [
                1.0,
                -9.173667336881408e-08,
                5.452668538907801e-09,
                0.0
            ],
            [
                8.083726754648524e-08,
                0.9063078165054321,
                0.42261824011802673,
                0.8971231579780579
            ],
            [
                0.0,
                0.0,
                0.0,
                1.0
            ]
        ],
        [
            [
                -0.7071067690849304,
                -0.4545193612575531,
                0.541675329208374,
                1.1498541831970215
            ],
            [
                0.7071067690849304,
                -0.4545194208621979,
                0.5416752696037292,
                1.1498541831970215
            ],
            [
                5.1664009959040413e-08,
                0.766044557094574,
                0.6427874565124512,
                1.3644930124282837
            ],
            [
                0.0,
                0.0,
                0.0,
                1.0
            ]
        ],
        [
            [
                -1.0,
                1.356221162041038e-07,
                -1.0336378863939899e-07,
                1.17804084989597e-16
            ],
            [
                -1.5099580252808664e-07,
                -0.4226183593273163,
                0.9063077569007874,
                1.923886775970459
            ],
            [
                7.92319454490098e-08,
                0.9063077569007874,
                0.4226183593273163,
                0.8971231579780579
            ],
            [
                0.0,
                0.0,
                0.0,
                1.0
            ]
        ],
        [
            [
                -0.7071067690849304,
                0.4545193612575531,
                -0.541675329208374,
                -1.1498541831970215
            ],
            [
                -0.7071067690849304,
                -0.4545194208621979,
                0.5416752696037292,
                1.1498541831970215
            ],
            [
                -5.1664009959040413e-08,
                0.766044557094574,
                0.6427874565124512,
                1.3644930124282837
            ],
            [
                0.0,
                0.0,
                0.0,
                1.0
            ]
        ],
        [
            [
                -4.371138828673793e-08,
                0.42261815071105957,
                -0.9063078165054321,
                -1.923886775970459
            ],
            [
                -1.0,
                -1.8473226504056584e-08,
                3.961597627721858e-08,
                2.35608169979194e-16
            ],
            [
                0.0,
                0.9063078165054321,
                0.42261815071105957,
                0.8971231579780579
            ],
            [
                0.0,
                0.0,
                0.0,
                1.0
            ]
        ],
        [
            [
                0.7071067094802856,
                0.4545196294784546,
                -0.5416751503944397,
                -1.1498541831970215
            ],
            [
                -0.7071068286895752,
                0.4545193910598755,
                -0.5416752099990845,
                -1.1498541831970215
            ],
            [
                -1.4489390309790906e-07,
                0.7660443782806396,
                0.6427876353263855,
                1.3644930124282837
            ],
            [
                0.0,
                0.0,
                0.0,
                1.0
            ]
        ],
        [
            [
                1.0,
                7.763374598940883e-17,
                -1.6648605955339664e-16,
                -3.5341226820368083e-16
            ],
            [
                -1.8369705435755478e-16,
                0.42261824011802673,
                -0.9063078165054321,
                -1.923886775970459
            ],
            [
                -2.2495100775297197e-23,
                0.9063078165054321,
                0.42261824011802673,
                0.8971231579780579
            ],
            [
                0.0,
                0.0,
                0.0,
                1.0
            ]
        ],
        [
            [
                0.7071067094802856,
                -0.4545196294784546,
                0.5416751503944397,
                1.1498541831970215
            ],
            [
                0.7071068286895752,
                0.4545193910598755,
                -0.5416752099990845,
                -1.1498541831970215
            ],
            [
                1.4489390309790906e-07,
                0.7660443782806396,
                0.6427876353263855,
                1.3644930124282837
            ],
            [
                0.0,
                0.0,
                0.0,
                1.0
            ]
        ],
        [
            [
                -1.6292068494294654e-07,
                0.4226183295249939,
                0.9063077569007874,
                1.923886775970459
            ],
            [
                1.0,
                -6.001024388524456e-08,
                2.0774632503162138e-07,
                0.0
            ],
            [
                1.421851578697897e-07,
                0.9063077569007874,
                -0.4226183295249939,
                -0.8971231579780579
            ],
            [
                0.0,
                0.0,
                0.0,
                1.0
            ]
        ],
        [
            [
                -0.7071069478988647,
                0.4545195400714874,
                0.5416749715805054,
                1.1498541831970215
            ],
            [
                0.7071065902709961,
                0.45451968908309937,
                0.5416752696037292,
                1.1498541831970215
            ],
            [
                5.214513620899197e-08,
                0.7660442590713501,
                -0.6427878141403198,
                -1.3644930124282837
            ],
            [
                0.0,
                0.0,
                0.0,
                1.0
            ]
        ],
        [
            [
                -1.0,
                1.5246291695802938e-07,
                -3.032869955177375e-08,
                1.17804084989597e-16
            ],
            [
                3.6946456560826846e-08,
                0.42261815071105957,
                0.9063078165054321,
                1.923886775970459
            ],
            [
                1.5099580252808664e-07,
                0.9063078165054321,
                -0.42261815071105957,
                -0.8971231579780579
            ],
            [
                0.0,
                0.0,
                0.0,
                1.0
            ]
        ],
        [
            [
                -0.7071069478988647,
                -0.4545195400714874,
                -0.5416749715805054,
                -1.1498541831970215
            ],
            [
                -0.7071065902709961,
                0.45451968908309937,
                0.5416752696037292,
                1.1498541831970215
            ],
            [
                -5.214513620899197e-08,
                0.7660442590713501,
